,POP_ESTIMATE_2022,State,County
0,341619747,0,0
1,5201153.4,1,0
2,61254,1,1
3,252596.9,1,3
4,25323.65,1,5
5,22556.15,1,7
6,60999.8,1,9
7,10457.05,1,11
8,19116.25,1,13
9,118682.7,1,15
10,34940.2,1,17
11,25934.55,1,19
12,47031.1,1,21
13,12751,1,23
14,23078.9,1,25
15,14552.95,1,27
16,15729.65,1,29
17,56176.15,1,31
18,59484.85,1,33
19,11486.15,1,35
20,10420.15,1,37
21,38542.05,1,39
22,13351.65,1,41
23,92932.65,1,43
24,50782.6,1,45
25,37687.2,1,47
26,73797.95,1,49
27,91803.1,1,51
28,37582.65,1,53
29,105665.2,1,55
30,16520.95,1,57
31,32730.3,1,59
32,27453.6,1,61
33,7607.55,1,63
34,14960.9,1,65
35,18097.4,1,67
36,110782,1,69
37,54214.3,1,71
38,682045.25,1,73
39,14048.65,1,75
40,98274.95,1,77
41,34044.35,1,79
42,185293.35,1,81
43,113672.5,1,83
44,10022.45,1,85
45,18978.9,1,87
46,413655.15,1,89
47,19214.65,1,91
48,29884.9,1,93
49,101909.6,1,95
50,421697.3,1,97
51,19889.1,1,99
52,232021.05,1,101
53,127317.3,1,103
54,8236.9,1,105
55,19165.45,1,107
56,33839.35,1,109
57,23042,1,111
58,60019.9,1,113
59,96280.3,1,115
60,235868.9,1,117
61,12150.35,1,119
62,82721.6,1,121
63,42002.45,1,123
64,242699.5,1,125
65,65948.5,1,127
66,15500.05,1,129
67,10311.5,1,131
68,24349.9,1,133
69,751923.6,2,0
70,3482.95,2,13
71,5250.05,2,16
72,294324.65,2,20
73,18714.45,2,50
74,887.65,2,60
75,7045.85,2,63
76,2654.75,2,66
77,1625.65,2,68
78,4842.1,2,70
79,97739.9,2,90
80,2107.4,2,100
81,2345.2,2,105
82,32478.15,2,110
83,62207.25,2,122
84,14085.55,2,130
85,13038,2,150
86,8484.95,2,158
87,1416.55,2,164
88,116159.15,2,170
89,10081.9,2,180
90,11076.15,2,185
91,7609.6,2,188
92,3444,2,195
93,5791.25,2,198
94,8591.55,2,220
95,1109.05,2,230
96,7197.55,2,240
97,2121.75,2,275
98,717.5,2,282
99,5309.5,2,290
100,7543177.95,4,0
101,67067.8,4,1
102,128805.6,4,3
103,147661.5,4,5
104,55270.05,4,7
105,39749.5,4,9
106,9534.55,4,11
107,16918.65,4,12
108,4665312.1,4,13
109,226336.4,4,15
110,111366.25,4,17
111,1084037.95,4,19
112,475757.85,4,21
113,49979,4,23
114,252346.8,4,25
115,213038.05,4,27
116,3121778.95,5,0
117,16924.8,5,1
118,18812.85,5,3
119,43496.9,5,5
120,310435.6,5,7
121,39241.1,5,9
122,10389.4,5,11
123,4813.4,5,13
124,29460.55,5,15
125,10120.85,5,17
126,21781.25,5,19
127,14622.65,5,21
128,25916.1,5,23
129,7654.7,5,25
130,22771.4,5,27
131,21572.15,5,29
132,115843.45,5,31
133,62602.9,5,33
134,48238.55,5,35
135,17017.05,5,37
136,6346.8,5,39
137,11041.3,5,41
138,17334.8,5,43
139,130857.65,5,45
140,17703.8,5,47
141,12691.55,5,49
142,102592.25,5,51
143,18614,5,53
144,47609.2,5,55
145,19940.35,5,57
146,34034.1,5,59
147,12871.95,5,61
148,38894.65,5,63
149,14399.2,5,65
150,17039.6,5,67
151,65852.15,5,69
152,26652.05,5,71
153,6254.55,5,73
154,16611.15,5,75
155,8573.1,5,77
156,13238.9,5,79
157,12117.55,5,81
158,21785.35,5,83
159,77106.65,5,85
160,17923.15,5,87
161,17685.35,5,89
162,43615.8,5,91
163,39868.4,5,93
164,6728.1,5,95
165,8769.9,5,97
166,8386.55,5,99
167,7254.95,5,101
168,22601.25,5,103
169,10315.6,5,105
170,15686.6,5,107
171,10434.5,5,109
172,23058.4,5,111
173,19821.45,5,113
174,65667.65,5,115
175,8271.75,5,117
176,409124.65,5,119
177,19308.95,5,121
178,23013.3,5,123
179,130541.95,5,125
180,10051.15,5,127
181,8115.95,5,129
182,132286.5,5,131
183,16078.15,5,133
184,18255.25,5,135
185,12890.4,5,137
186,38695.8,5,139
187,16504.55,5,141
188,262455.35,5,143
189,79699.9,5,145
190,6201.25,5,147
191,20633.25,5,149
192,40005075.55,6,0
193,1669722.95,6,1
194,1219.75,6,3
195,42447.3,6,5
196,212486.6,6,7
197,47728.1,6,9
198,22461.85,6,11
199,1185890.15,6,13
200,27759.05,6,15
201,197462.15,6,17
202,1040569.75,6,19
203,29048.5,6,21
204,138385.25,6,23
205,183181.85,6,25
206,19185.95,6,27
207,939010.7,6,29
208,156806.55,6,31
209,69896.8,6,33
210,30651.6,6,35
211,9964166.45,6,37
212,164262.4,6,39
213,262418.45,6,41
214,17445.5,6,43
215,92028.6,6,45
216,297264.35,6,47
217,8724.8,6,49
218,13302.45,6,51
219,443679.45,6,53
220,137657.5,6,55
221,104851.35,6,57
222,3229963.6,6,59
223,428216.3,6,61
224,19835.8,6,63
225,2535749.55,6,65
226,1623774.25,6,67
227,69269.5,6,69
228,2248497.4,6,71
229,3358113.2,6,73
230,828648.95,6,75
231,813060.75,6,77
232,289064.35,6,79
233,747411.55,6,81
234,454933.95,6,83
235,1917719.65,6,85
236,270979.25,6,87
237,185453.25,6,89
238,3298.45,6,91
239,44751.5,6,93
240,459966.7,6,95
241,494716.25,6,97
242,565057.9,6,99
243,100966.6,6,101
244,66877.15,6,103
245,16176.55,6,105
246,489482.6,6,107
247,55895.3,6,109
248,853421.15,6,111
249,227668.9,6,113
250,86417.75,6,115
251,5985924.15,8,0
252,540765.4,8,1
253,17006.8,8,3
254,672203.2,8,5
255,14354.1,8,7
256,3517.8,8,9
257,5535,8,11
258,335654.7,8,13
259,78025.05,8,14
260,20729.6,8,15
261,1775.3,8,17
262,9589.9,8,19
263,7769.5,8,21
264,3694.1,8,23
265,5754.35,8,25
266,5469.4,8,27
267,32392.05,8,29
268,731083.3,8,31
269,2517.4,8,33
270,385387.7,8,35
271,56668.15,8,37
272,28495,8,39
273,759082.2,8,41
274,50862.55,8,43
275,63828.8,8,45
276,6039.3,8,47
277,16164.25,8,49
278,17699.7,8,51
279,795.4,8,53
280,7259.05,8,55
281,1334.55,8,57
282,590547.6,8,59
283,1459.6,8,61
284,7136.05,8,63
285,7511.2,8,65
286,58023.2,8,67
287,375947.45,8,69
288,14686.2,8,71
289,5647.75,8,73
290,21344.6,8,75
291,162601.9,8,77
292,955.3,8,79
293,13507.45,8,81
294,27129.7,8,83
295,44907.3,8,85
296,29971,8,87
297,18761.6,8,89
298,5227.5,8,91
299,18388.5,8,93
300,4561.25,8,95
301,17297.9,8,97
302,12150.35,8,99
303,173782.6,8,101
304,6734.25,8,103
305,11609.15,8,105
306,25633.2,8,107
307,6789.6,8,109
308,824.1,8,111
309,8204.1,8,113
310,2353.4,8,115
311,31330.15,8,117
312,25479.45,8,119
313,4932.3,8,121
314,358930.4,8,123
315,10147.5,8,125
316,3716861.15,9,0
325,1005984.2,9,110
326,335468.15,9,120
327,181037.55,9,130
328,465436.1,9,140
329,98600.9,9,150
330,116064.85,9,160
331,587575.1,9,170
332,287414.1,9,180
333,639282.25,9,190
334,1043855.9,10,0
335,191619.65,10,1
336,589881.35,10,3
337,262354.9,10,5
338,688599.1,11,0
339,688599.1,11,1
340,22800944.6,12,0
341,291130.75,12,1
342,28499.1,12,3
343,189762.35,12,5
344,27996.85,12,7
345,646461.35,12,9
346,1995701.65,12,11
347,13800.6,12,13
348,207728.55,12,15
349,166593.25,12,17
350,232254.75,12,19
351,407943.85,12,21
352,73705.7,12,23
353,36194.8,12,27
354,17552.1,12,29
355,1041949.4,12,31
356,332999.95,12,33
357,129873.65,12,35
358,12810.45,12,37
359,44489.1,12,39
360,19466.8,12,41
361,12765.35,12,43
362,15696.85,12,45
363,13548.45,12,47
364,26287.15,12,49
365,42373.5,12,51
366,212068.4,12,53
367,108258.45,12,55
368,1551134.55,12,57
369,20143.3,12,59
370,171535.8,12,61
371,49417.3,12,63
372,15418.05,12,65
373,7980.65,12,67
374,420393.5,12,69
375,843015.35,12,71
376,304804.25,12,73
377,46391.5,12,75
378,7794.1,12,77
379,18652.95,12,79
380,439854.15,12,81
381,406326.4,12,83
382,166056.15,12,85
383,2740683.95,12,86
384,83750.7,12,87
385,100347.5,12,89
386,221894.05,12,91
387,41422.3,12,93
388,1489044.15,12,95
389,433109.65,12,97
390,1556439.95,12,99
391,624013.85,12,101
392,985783.5,12,103
393,807089.1,12,105
394,76600.3,12,107
395,314513.05,12,109
396,367671.6,12,111
397,203224.7,12,113
398,473843.15,12,115
399,490741.3,12,117
400,148594.25,12,119
401,46547.3,12,121
402,21816.1,12,123
403,15846.5,12,125
404,593671.8,12,127
405,36057.45,12,129
406,85386.6,12,131
407,26049.35,12,133
408,11185697.9,13,0
409,18888.7,13,1
410,8388.6,13,3
411,11471.8,13,5
412,2857.7,13,7
413,44726.9,13,9
414,19811.2,13,11
415,91532.5,13,13
416,115636.4,13,15
417,17496.75,13,17
418,18669.35,13,19
419,160102.95,13,21
420,12564.45,13,23
421,18638.6,13,25
422,16660.35,13,27
423,49431.65,13,29
424,85136.5,13,31
425,24997.7,13,33
426,27316.25,13,35
427,5606.75,13,37
428,58439.35,13,39
429,11275,13,43
430,127706.8,13,45
431,70546.65,13,47
432,13101.55,13,49
433,308635.7,13,51
434,9040.5,13,53
435,25559.4,13,55
436,288309.95,13,57
437,133122.9,13,59
438,2917.15,13,61
439,303978.1,13,63
440,6828.55,13,65
441,791250.8,13,67
442,44251.3,13,69
443,46906.05,13,71
444,166480.5,13,73
445,17839.1,13,75
446,156704.05,13,77
447,12443.5,13,79
448,20200.7,13,81
449,16484.05,13,83
450,30891.45,13,85
451,29706.55,13,87
452,781890.5,13,89
453,20297.05,13,91
454,10836.3,13,93
455,85040.15,13,95
456,150998.9,13,97
457,10838.35,13,99
458,3778.15,13,101
459,70768.05,13,103
460,20309.35,13,105
461,23503.25,13,107
462,10963.4,13,109
463,26381.45,13,111
464,125080.75,13,113
465,101930.1,13,115
466,273918.95,13,117
467,24731.2,13,119
468,1101499.85,13,121
469,33218.2,13,123
470,3013.5,13,125
471,87207,13,127
472,60427.85,13,129
473,26658.2,13,131
474,20643.5,13,133
475,999737.85,13,135
476,48662.9,13,137
477,218009.3,13,139
478,8597.7,13,141
479,32121.45,13,143
480,37182.9,13,145
481,27582.75,13,147
482,12019.15,13,149
483,254573.1,13,151
484,173872.8,13,153
485,9354.15,13,155
486,86034.4,13,157
487,16350.8,13,159
488,15262.25,13,161
489,15696.85,13,163
490,8907.25,13,165
491,9473.05,13,167
492,29183.8,13,169
493,19954.7,13,171
494,10426.3,13,173
495,50901.5,13,175
496,34483.05,13,177
497,69730.75,13,179
498,8038.05,13,181
499,18806.7,13,183
500,122733.5,13,185
501,35665.9,13,187
502,22256.85,13,189
503,11459.5,13,191
504,12060.15,13,193
505,32260.85,13,195
506,7636.25,13,197
507,21367.15,13,199
508,5953.2,13,201
509,21643.9,13,205
510,30163.7,13,207
511,8872.4,13,209
512,21557.8,13,211
513,41483.8,13,213
514,207681.4,13,215
515,120562.55,13,217
516,44677.7,13,219
517,15856.75,13,221
518,182882.55,13,223
519,29276.05,13,225
520,35696.65,13,227
521,20672.2,13,229
522,20489.75,13,231
523,44802.75,13,233
524,10233.6,13,235
525,23558.6,13,237
526,2306.25,13,239
527,17636.15,13,241
528,6268.9,13,243
529,211806,13,245
530,97358.6,13,247
531,4608.4,13,249
532,14327.45,13,251
533,9356.2,13,253
534,70643,13,255
535,27437.2,13,257
536,4764.2,13,259
537,29599.95,13,261
538,5891.7,13,263
539,1640,13,265
540,24665.6,13,267
541,7931.45,13,269
542,12662.85,13,271
543,8972.85,13,273
544,46701.05,13,275
545,42447.3,13,277
546,27508.95,13,279
547,13296.3,13,281
548,6525.15,13,283
549,71946.8,13,285
550,9063.05,13,287
551,7872,13,289
552,27047.7,13,291
553,28788.15,13,293
554,70638.9,13,295
555,105642.65,13,297
556,36504.35,13,299
557,5284.9,13,301
558,20231.45,13,303
559,31668.4,13,305
560,2386.2,13,307
561,7496.85,13,309
562,29526.15,13,311
563,105710.3,13,313
564,8981.05,13,315
565,9840,13,317
566,8899.05,13,319
567,20934.6,13,321
568,1476200.9,15,0
569,211473.9,15,1
570,1020528.95,15,3
571,84.05,15,5
572,75655.25,15,7
573,168460.8,15,9
574,1987509.85,16,0
575,531880.7,16,1
576,4938.45,16,3
577,91755.95,16,5
578,6890.05,16,7
579,10629.25,16,9
580,51172.1,16,11
581,25487.65,16,13
582,8542.35,16,15
583,52699.35,16,17
584,132733.4,16,19
585,13679.65,16,21
586,2751.1,16,23
587,1182.85,16,25
588,257342.65,16,27
589,7369.75,16,29
590,26297.4,16,31
591,826.15,16,33
592,9241.4,16,35
593,4618.65,16,37
594,30139.1,16,39
595,15569.75,16,41
596,14327.45,16,43
597,20928.45,16,45
598,16108.9,16,47
599,18033.85,16,49
600,34263.7,16,51
601,25944.8,16,53
602,188167.45,16,55
603,42002.45,16,57
604,8446,16,59
605,3858.1,16,61
606,5463.25,16,63
607,56350.4,16,65
608,22748.85,16,67
609,44079.1,16,69
610,4829.8,16,71
611,12929.35,16,73
612,27629.9,16,75
613,8269.7,16,77
614,14362.3,16,79
615,12857.6,16,81
616,96038.4,16,83
617,12775.6,16,85
618,11365.2,16,87
619,12896582.8,17,0
620,66344.15,17,1
621,4979.45,17,3
622,16980.15,17,5
623,54482.85,17,7
624,6488.25,17,9
625,33648.7,17,11
626,4469,17,13
627,15918.25,17,15
628,12974.45,17,17
629,211705.55,17,19
630,34271.9,17,21
631,15610.75,17,23
632,13374.2,17,25
633,37832.75,17,27
634,47492.35,17,29
635,5237024.3,17,31
636,18999.4,17,33
637,10582.1,17,35
638,102737.8,17,37
639,15692.75,17,39
640,20249.9,17,41
641,943924.55,17,43
642,16844.85,17,45
643,6223.8,17,47
644,35184.15,17,49
645,21838.65,17,51
646,13581.25,17,53
647,38173.05,17,55
648,33847.55,17,57
649,4977.4,17,59
650,11943.3,17,61
651,54368.05,17,63
652,8183.6,17,65
653,17675.1,17,67
654,3687.95,17,69
655,6305.8,17,71
656,49630.5,17,73
657,27135.85,17,75
658,53933.45,17,77
659,9442.3,17,79
660,37310,17,81
661,21777.15,17,83
662,22301.95,17,85
663,13716.55,17,87
664,527036.55,17,89
665,108725.85,17,91
666,140685.35,17,93
667,49856,17,95
668,726878.75,17,97
669,110779.95,17,99
670,15286.85,17,101
671,34694.2,17,103
672,36410.05,17,105
673,28281.8,17,107
674,27533.55,17,109
675,319541.7,17,111
676,175420.55,17,113
677,104021.1,17,115
678,45352.15,17,117
679,270460.6,17,119
680,37836.85,17,121
681,11969.95,17,123
682,13066.7,17,125
683,14243.4,17,127
684,12425.05,17,129
685,15891.6,17,131
686,35909.85,17,133
687,28720.5,17,135
688,33015.25,17,137
689,14682.1,17,139
690,52635.8,17,141
691,182843.6,17,143
692,21102.7,17,145
693,17142.1,17,147
694,14846.1,17,149
695,3864.25,17,151
696,5116.8,17,153
697,5711.3,17,155
698,30819.7,17,157
699,15821.9,17,159
700,145066.2,17,161
701,258988.8,17,163
702,23665.2,17,165
703,199397.35,17,167
704,6914.65,17,169
705,4909.75,17,171
706,21281.05,17,173
707,5479.65,17,175
708,44718.7,17,177
709,133159.8,17,179
710,17187.2,17,181
711,74146.45,17,183
712,11365.2,17,185
713,16762.85,17,187
714,13985.1,17,189
715,16268.8,17,191
716,13954.35,17,193
717,56024.45,17,195
718,714176.95,17,197
719,68363.4,17,199
720,289242.7,17,201
721,39081.2,17,203
722,7003863.95,18,0
723,36969.7,18,1
724,401236.25,18,3
725,85628.5,18,5
726,8938,18,7
727,12218,18,9
728,76018.1,18,11
729,15959.25,18,13
730,21069.9,18,15
731,38478.5,18,17
732,127343.95,18,19
733,27039.5,18,21
734,33665.1,18,23
735,10799.4,18,25
736,34253.45,18,27
737,52416.45,18,29
738,27076.4,18,31
739,44825.3,18,33
740,114832.8,18,35
741,44722.8,18,37
742,212062.25,18,39
743,23933.75,18,41
744,82731.85,18,43
745,16988.35,18,45
746,23603.7,18,47
747,20836.2,18,49
748,33818.85,18,51
749,67672.55,18,53
750,31781.15,18,55
751,374045.05,18,57
752,85146.75,18,59
753,40848.3,18,61
754,187097.35,18,63
755,50138.9,18,65
756,85663.35,18,67
757,37754.85,18,69
758,47457.5,18,71
759,34114.05,18,73
760,20702.95,18,75
761,33769.65,18,77
762,28224.4,18,79
763,169926.55,18,81
764,36684.75,18,83
765,82846.65,18,85
766,41887.65,18,87
767,512182.25,18,89
768,114467.9,18,91
769,46352.55,18,93
770,135037.6,18,95
771,993702.65,18,97
772,47490.3,18,99
773,10049.1,18,101
774,36565.85,18,103
775,143239.65,18,105
776,39230.85,18,107
777,74041.9,18,109
778,14169.6,18,111
779,48552.2,18,113
780,6266.85,18,115
781,20114.6,18,117
782,22019.05,18,119
783,16779.25,18,121
784,19663.6,18,123
785,12472.2,18,125
786,179161.8,18,127
787,25690.6,18,129
788,12798.15,18,131
789,38234.55,18,133
790,25048.95,18,135
791,29815.2,18,137
792,17090.85,18,139
793,279039.85,18,141
794,25202.7,18,143
795,46116.8,18,145
796,20467.2,18,147
797,23839.45,18,149
798,35594.15,18,151
799,21186.75,18,153
800,10256.15,18,155
801,193435.95,18,157
802,15746.05,18,159
803,7125.8,18,161
804,184237.6,18,163
805,15838.3,18,165
806,108656.15,18,167
807,31598.7,18,169
808,8673.55,18,171
809,66815.65,18,173
810,28929.6,18,175
811,67930.85,18,177
812,29044.4,18,179
813,25212.95,18,181
814,35493.7,18,183
815,3280530.95,19,0
816,7681.35,19,1
817,3702.3,19,3
818,14309,19,5
819,12396.35,19,7
820,5737.95,19,9
821,26354.8,19,11
822,133530.85,19,13
823,27275.25,19,15
824,25891.5,19,17
825,21231.85,19,19
826,21115,19,21
827,14626.75,19,23
828,9969.15,19,25
829,21082.2,19,27
830,13431.6,19,29
831,18860,19,31
832,43470.25,19,33
833,11779.3,19,35
834,12008.9,19,37
835,9934.3,19,39
836,16887.9,19,41
837,17453.7,19,43
838,47502.6,19,45
839,16527.1,19,47
840,110716.4,19,49
841,9358.25,19,51
842,7876.1,19,53
843,18007.2,19,55
844,39251.35,19,57
845,18478.7,19,59
846,101144.95,19,61
847,9405.4,19,63
848,19776.35,19,65
849,15721.45,19,67
850,10163.9,19,69
851,6625.6,19,71
852,8960.55,19,73
853,12664.9,19,75
854,10914.2,19,77
855,15190.5,19,79
856,10953.15,19,81
857,16982.2,19,83
858,15024.45,19,85
859,20700.9,19,87
860,9772.35,19,89
861,9811.3,19,91
862,7060.2,19,93
863,16887.9,19,95
864,19807.1,19,97
865,38886.45,19,99
866,16090.45,19,101
867,160330.5,19,103
868,21369.2,19,105
869,10151.6,19,107
870,14837.9,19,109
871,33661,19,111
872,234759.85,19,113
873,10944.95,19,115
874,8907.25,19,117
875,12484.5,19,119
876,17461.9,19,121
877,22494.65,19,123
878,34483.05,19,125
879,40877,19,127
880,14917.85,19,129
881,10795.3,19,131
882,8698.15,19,133
883,7738.75,19,135
884,10461.15,19,137
885,43437.45,19,139
886,14411.5,19,141
887,6186.9,19,143
888,15522.6,19,145
889,8983.1,19,147
890,26324.05,19,149
891,7230.35,19,151
892,513617.25,19,153
893,95503.35,19,155
894,18929.7,19,157
895,4786.75,19,159
896,9915.85,19,161
897,178272.1,19,163
898,11937.15,19,165
899,36951.25,19,167
900,102165.85,19,169
901,17326.6,19,171
902,6004.45,19,173
903,12185.2,19,175
904,7437.4,19,177
905,35920.1,19,179
906,55686.2,19,181
907,23136.3,19,183
908,6629.7,19,185
909,37541.65,19,187
910,10883.45,19,189
911,20473.35,19,191
912,108313.8,19,193
913,7503,19,195
914,12999.05,19,197
915,3010578.75,20,0
916,12894.5,20,1
917,7970.4,20,3
918,16510.7,20,5
919,4225.05,20,7
920,25707,20,9
921,14856.35,20,11
922,9598.1,20,13
923,69946,20,15
924,2611.7,20,17
925,3501.4,20,19
926,19565.2,20,21
927,2648.6,20,23
928,1982.35,20,25
929,8245.1,20,27
930,9169.65,20,29
931,8487,20,31
932,1724.05,20,33
933,35315.35,20,35
934,40054.95,20,37
935,2757.25,20,39
936,18890.75,20,41
937,7626,20,43
938,122963.1,20,45
939,2808.5,20,47
940,2503.05,20,49
941,29665.55,20,51
942,6514.9,20,53
943,38591.25,20,55
944,34694.2,20,57
945,26641.8,20,59
946,36584.3,20,61
947,2785.95,20,63
948,2472.3,20,65
949,7377.95,20,67
950,5873.25,20,69
951,1254.6,20,71
952,6088.5,20,73
953,2490.75,20,75
954,5457.1,20,77
955,34647.05,20,79
956,3665.4,20,81
957,1799.9,20,83
958,13618.15,20,85
959,18802.6,20,87
960,2970.45,20,89
961,634675.9,20,91
962,3952.4,20,93
963,7373.85,20,95
964,2464.1,20,97
965,20251.95,20,99
966,1594.9,20,101
967,84964.3,20,103
968,2972.5,20,105
969,10040.9,20,107
970,2773.65,20,109
971,32695.45,20,111
972,30762.3,20,113
973,12164.7,20,115
974,10231.55,20,117
975,3995.45,20,119
976,35739.7,20,121
977,5881.45,20,123
978,31770.9,20,125
979,5483.75,20,127
980,2665,20,129
981,10368.9,20,131
982,15996.15,20,133
983,2712.15,20,135
984,5434.55,20,137
985,16045.35,20,139
986,3577.25,20,141
987,5940.9,20,143
988,6334.5,20,145
989,4930.25,20,147
990,26930.85,20,149
991,9294.7,20,151
992,2591.2,20,153
993,63053.9,20,155
994,4758.05,20,157
995,9643.2,20,159
996,72885.7,20,161
997,4934.35,20,163
998,3001.2,20,165
999,6806,20,167
1000,54935.9,20,169
1001,5139.35,20,171
1002,538664.15,20,173
1003,21891.95,20,175
1004,181917,20,177
1005,2486.65,20,179
1006,5975.75,20,181
1007,3622.35,20,183
1008,4093.85,20,185
1009,2013.1,20,187
1010,5305.4,20,189
1011,23035.85,20,191
1012,8091.35,20,193
1013,2820.8,20,195
1014,7195.5,20,197
1015,1525.2,20,199
1016,5639.55,20,201
1017,2115.6,20,203
1018,8837.55,20,205
1019,3187.75,20,207
1020,169889.65,20,209
1021,4625117.75,21,0
1022,19544.7,21,1
1023,21807.9,21,3
1024,24829.6,21,5
1025,7841.25,21,7
1026,45975.35,21,9
1027,13150.75,21,11
1028,24157.2,21,13
1029,142571.35,21,15
1030,20596.35,21,17
1031,49312.75,21,19
1032,31676.6,21,21
1033,8663.3,21,23
1034,13685.8,21,25
1035,21467.6,21,27
1036,85931.9,21,29
1037,12603.4,21,31
1038,12884.25,21,33
1039,38628.15,21,35
1040,95632.5,21,37
1041,4838,21,39
1042,11211.45,21,41
1043,27055.9,21,43
1044,16318,21,45
1045,74863.95,21,47
1046,37988.55,21,49
1047,20411.85,21,51
1048,9352.1,21,53
1049,9206.55,21,55
1050,6094.65,21,57
1051,105802.55,21,59
1052,12576.75,21,61
1053,7476.35,21,63
1054,14395.1,21,65
1055,328356.7,21,67
1056,15670.2,21,69
1057,35852.45,21,71
1058,52898.2,21,73
1059,6541.55,21,75
1060,8983.1,21,77
1061,18029.75,21,79
1062,26139.55,21,81
1063,37322.3,21,83
1064,27297.8,21,85
1065,11650.15,21,87
1066,36289.1,21,89
1067,9247.55,21,91
1068,114658.55,21,93
1069,26303.55,21,95
1070,19581.6,21,97
1071,20090,21,99
1072,45147.15,21,101
1073,16166.3,21,103
1074,4532.55,21,105
1075,45932.3,21,107
1076,13298.35,21,109
1077,792735,21,111
1078,55610.35,21,113
1079,22800.1,21,115
1080,174571.85,21,117
1081,14220.85,21,119
1082,30536.8,21,121
1083,15543.1,21,123
1084,64458.15,21,125
1085,16512.75,21,127
1086,7443.55,21,129
1087,10346.35,21,131
1088,21416.35,21,133
1089,13277.85,21,135
1090,24969,21,137
1091,9188.1,21,139
1092,28574.95,21,141
1093,9329.55,21,143
1094,69177.25,21,145
1095,17119.55,21,147
1096,9333.65,21,149
1097,97567.7,21,151
1098,11641.95,21,153
1099,20270.4,21,155
1100,32572.45,21,157
1101,11373.4,21,159
1102,17353.25,21,161
1103,30752.05,21,163
1104,6406.25,21,165
1105,23474.55,21,167
1106,10629.25,21,169
1107,11639.9,21,171
1108,29077.2,21,173
1109,14473,21,175
1110,31217.4,21,177
1111,48576.8,21,179
1112,8001.15,21,181
1113,24116.2,21,183
1114,71167.8,21,185
1115,11572.25,21,187
1116,4028.25,21,189
1117,15042.9,21,191
1118,28046.05,21,193
1119,57693.15,21,195
1120,13411.1,21,197
1121,67440.9,21,199
1122,2285.75,21,201
1123,16648.05,21,203
1124,24997.7,21,205
1125,18632.45,21,207
1126,60577.5,21,209
1127,50108.15,21,211
1128,20448.75,21,213
1129,20709.1,21,215
1130,27068.2,21,217
1131,12714.1,21,219
1132,14690.3,21,221
1133,8753.5,21,223
1134,13286.05,21,225
1135,143340.1,21,227
1136,12363.55,21,229
1137,20174.05,21,231
1138,13044.15,21,233
1139,37795.85,21,235
1140,6560,21,237
1141,27738.55,21,239
1142,4704998.05,22,0
1143,58162.6,22,1
1144,22878,22,3
1145,133719.45,22,5
1146,21119.1,22,7
1147,39720.8,22,9
1148,37484.25,22,11
1149,12958.05,22,13
1150,132507.9,22,15
1151,234751.65,22,17
1152,207478.45,22,19
1153,9792.85,22,21
1154,5024.55,22,23
1155,8780.15,22,25
1156,14087.6,22,27
1157,18568.9,22,29
1158,27525.35,22,31
1159,461807.6,22,33
1160,7164.75,22,35
1161,19614.4,22,37
1162,32785.65,22,39
1163,19790.7,22,41
1164,22550,22,43
1165,70036.2,22,45
1166,30243.65,22,47
1167,15211,22,49
1168,436531.1,22,51
1169,32826.65,22,53
1170,254062.65,22,55
1171,98266.75,22,57
1172,15098.25,22,59
1173,49333.25,22,61
1174,152136.65,22,63
1175,9714.95,22,65
1176,25057.15,22,67
1177,37580.6,22,69
1178,378993.75,22,71
1179,161644.55,22,73
1180,23078.9,22,75
1181,20655.8,22,77
1182,130369.75,22,79
1183,7605.5,22,81
1184,20321.65,22,83
1185,22535.65,22,85
1186,45592,22,87
1187,52272.95,22,89
1188,11092.55,22,91
1189,19909.6,22,93
1190,40860.6,22,95
1191,83818.35,22,97
1192,52516.9,22,99
1193,48984.75,22,101
1194,280095.6,22,103
1195,140474.2,22,105
1196,3942.15,22,107
1197,107405.65,22,109
1198,21240.05,22,111
1199,58375.8,22,113
1200,48429.2,22,115
1201,46151.65,22,117
1202,36535.1,22,119
1203,28734.85,22,121
1204,9712.9,22,123
1205,15766.55,22,125
1206,13536.15,22,127
1207,1419973.5,23,0
1208,115849.6,23,1
1209,68937.4,23,3
1210,315138.3,23,5
1211,31235.85,23,7
1212,58119.55,23,9
1213,128678.5,23,11
1214,42193.1,23,13
1215,37121.4,23,15
1216,60983.4,23,17
1217,157546.6,23,19
1218,17853.45,23,21
1219,38328.85,23,23
1220,52375.45,23,25
1221,41248.05,23,27
1222,32223.95,23,29
1223,222150.3,23,31
1224,6318776.5,24,0
1225,68949.7,24,1
1226,608118.15,24,3
1227,867316.05,24,5
1228,96938.35,24,9
1229,34269.85,24,11
1230,179688.65,24,13
1231,107565.55,24,15
1232,174354.55,24,17
1233,33544.15,24,19
1234,294257,24,21
1235,29294.5,24,23
1236,270464.7,24,25
1237,343797.3,24,27
1238,19803,24,29
1239,1078835.05,24,31
1240,970646.3,24,33
1241,53004.8,24,35
1242,117749.95,24,37
1243,25159.65,24,39
1244,38880.3,24,41
1245,159479.75,24,43
1246,107280.6,24,45
1247,55212.65,24,47
1248,584180.3,24,510
1249,7156523.35,25,0
1250,238269.45,25,1
1251,131056.5,25,3
1252,594569.7,25,5
1253,21389.7,25,7
1254,826935.15,25,9
1255,72666.35,25,11
1256,472568.05,25,13
1257,166652.7,25,15
1258,1657533.65,25,17
1259,14782.55,25,19
1260,743670.3,25,21
1261,546396.75,25,23
1262,785541.55,25,25
1263,884501.2,25,27
1264,10284966.85,26,0
1265,10678.45,26,1
1266,9028.2,26,3
1267,124240.25,26,5
1268,29569.2,26,7
1269,24856.25,26,9
1270,15467.25,26,11
1271,8484.95,26,13
1272,65142.85,26,15
1273,105392.55,26,17
1274,18755.45,26,19
1275,156722.5,26,21
1276,45645.3,26,23
1277,136622.25,26,25
1278,52689.1,26,27
1279,26951.35,26,29
1280,26588.5,26,31
1281,37201.35,26,33
1282,32135.8,26,35
1283,81741.7,26,37
1284,13829.3,26,39
1285,37660.55,26,41
1286,26520.85,26,43
1287,111716.8,26,45
1288,35018.1,26,47
1289,412033.6,26,49
1290,26371.2,26,51
1291,14678,26,53
1292,98875.6,26,55
1293,42127.5,26,57
1294,46906.05,26,59
1295,37961.9,26,61
1296,32029.2,26,63
1297,291210.7,26,65
1298,68480.25,26,67
1299,26160.05,26,69
1300,11912.55,26,71
1301,66059.2,26,73
1302,164067.65,26,75
1303,267703.35,26,77
1304,18636.55,26,79
1305,675561.1,26,81
1306,2234.5,26,83
1307,12908.85,26,85
1308,90999.5,26,87
1309,23441.75,26,89
1310,101032.2,26,91
1311,201066.05,26,93
1312,5463.25,26,95
1313,11215.55,26,97
1314,896050.9,26,99
1315,25920.2,26,101
1316,68328.55,26,103
1317,30145.25,26,105
1318,41738,26,107
1319,23847.65,26,109
1320,85765.85,26,111
1321,15594.35,26,113
1322,159500.25,26,115
1323,69119.85,26,117
1324,9809.25,26,119
1325,180980.15,26,121
1326,52158.15,26,123
1327,1301167.8,26,125
1328,27648.35,26,127
1329,21494.25,26,129
1330,6010.6,26,131
1331,23855.85,26,133
1332,8614.1,26,135
1333,26285.1,26,137
1334,308395.85,26,139
1335,13696.05,26,141
1336,24300.7,26,143
1337,193038.25,26,145
1338,164155.8,26,147
1339,62395.85,26,149
1340,41674.45,26,151
1341,8392.7,26,153
1342,69722.55,26,155
1343,54269.65,26,157
1344,77584.3,26,159
1345,375535.4,26,161
1346,1800970.1,26,163
1347,35050.9,26,165
1348,5860113.6,27,0
1349,16529.15,27,1
1350,378085.6,27,3
1351,36256.3,27,5
1352,47970,27,7
1353,42500.6,27,9
1354,5272.6,27,11
1355,71372.8,27,13
1356,26367.1,27,15
1357,37625.7,27,17
1358,112784.85,27,19
1359,32055.85,27,21
1360,12591.1,27,23
1361,59437.7,27,25
1362,67578.25,27,27
1363,8866.25,27,29
1364,5850.7,27,31
1365,11639.9,27,33
1366,69646.7,27,35
1367,454425.55,27,37
1368,21506.55,27,39
1369,40659.7,27,41
1370,14274.15,27,43
1371,21949.35,27,45
1372,31485.95,27,47
1373,49214.35,27,49
1374,6289.4,27,51
1375,1291625.05,27,53
1376,19270,27,55
1377,22509,27,57
1378,43796.2,27,59
1379,46336.15,27,61
1380,10141.35,27,63
1381,16875.6,27,65
1382,44936,27,67
1383,4161.5,27,69
1384,12140.1,27,71
1385,6857.25,27,73
1386,11213.5,27,75
1387,3968.8,27,77
1388,29882.85,27,79
1389,5719.5,27,81
1390,25893.55,27,83
1391,37631.85,27,85
1392,5461.2,27,87
1393,9083.55,27,89
1394,20141.25,27,91
1395,24083.4,27,93
1396,27962,27,95
1397,35102.15,27,97
1398,41143.5,27,99
1399,8261.5,27,101
1400,35303.05,27,103
1401,22496.7,27,105
1402,6537.45,27,107
1403,168120.5,27,109
1404,62033,27,111
1405,14192.15,27,113
1406,30182.15,27,115
1407,9589.9,27,117
1408,31500.3,27,119
1409,11717.8,27,121
1410,549824.35,27,123
1411,3970.85,27,125
1412,15746.05,27,127
1413,14889.15,27,129
1414,69386.35,27,131
1415,9776.45,27,133
1416,15674.3,27,135
1417,204520.3,27,137
1418,158383,27,139
1419,103344.6,27,141
1420,15329.9,27,143
1421,164416.15,27,145
1422,38332.95,27,147
1423,9878.95,27,149
1424,9999.9,27,151
1425,26176.45,27,153
1426,3357.9,27,155
1427,22199.45,27,157
1428,14665.7,27,159
1429,19366.35,27,161
1430,282809.8,27,163
1431,11352.9,27,165
1432,6508.75,27,167
1433,50714.95,27,169
1434,151704.1,27,171
1435,9723.15,27,173
1436,3013559.45,28,0
1437,29118.2,28,1
1438,35059.1,28,3
1439,12935.5,28,5
1440,17947.75,28,7
1441,7738.75,28,9
1442,30104.25,28,11
1443,13101.55,28,13
1444,9975.3,28,15
1445,17232.3,28,17
1446,8238.95,28,19
1447,9026.15,28,21
1448,15653.8,28,23
1449,18839.5,28,25
1450,20702.95,28,27
1451,28413,28,29
1452,18550.45,28,31
1453,196517.1,28,33
1454,80062.75,28,35
1455,7833.05,28,37
1456,25836.15,28,39
1457,13890.8,28,41
1458,21615.2,28,43
1459,47246.35,28,45
1460,216320.1,28,47
1461,223173.25,28,49
1462,16525.05,28,51
1463,7517.35,28,53
1464,1305.85,28,55
1465,24501.6,28,57
1466,148600.4,28,59
1467,16572.2,28,61
1468,7265.2,28,63
1469,11365.2,28,65
1470,68234.25,28,67
1471,8870.35,28,69
1472,59056.4,28,71
1473,67428.6,28,73
1474,72676.6,28,75
1475,12006.85,28,77
1476,21664.4,28,79
1477,85034,28,81
1478,27234.25,28,83
1479,35585.95,28,85
1480,59044.1,28,87
1481,113891.85,28,89
1482,24651.25,28,91
1483,34962.75,28,93
1484,34417.45,28,95
1485,9768.25,28,97
1486,29390.85,28,99
1487,21555.75,28,101
1488,10239.75,28,103
1489,52713.7,28,105
1490,33478.55,28,107
1491,58693.55,28,109
1492,11652.2,28,111
1493,40635.1,28,113
1494,32174.75,28,115
1495,25411.8,28,117
1496,5844.55,28,119
1497,162954.5,28,121
1498,28400.7,28,123
1499,3575.2,28,125
1500,26227.7,28,127
1501,14444.3,28,129
1502,19136.75,28,131
1503,25432.3,28,133
1504,12336.9,28,135
1505,29003.4,28,137
1506,21967.8,28,139
1507,19085.5,28,141
1508,9694.45,28,143
1509,28829.15,28,145
1510,14106.05,28,147
1511,43716.25,28,149
1512,43576.85,28,151
1513,20174.05,28,153
1514,10243.85,28,155
1515,8347.6,28,157
1516,17982.6,28,159
1517,12673.1,28,161
1518,26596.7,28,163
1519,6332406.95,29,0
1520,25795.15,29,1
1521,18454.1,29,3
1522,5311.55,29,5
1523,25044.85,29,7
1524,35799.15,29,9
1525,11986.35,29,11
1526,16582.45,29,13
1527,20729.6,29,15
1528,10780.95,29,17
1529,192382.25,29,19
1530,84984.8,29,21
1531,43234.5,29,23
1532,9157.35,29,25
1533,45881.05,29,27
1534,44862.2,29,29
1535,84972.5,29,31
1536,8634.6,29,33
1537,5399.7,29,35
1538,113153.85,29,37
1539,14967.05,29,39
1540,7570.65,29,41
1541,95441.85,29,43
1542,6892.1,29,45
1543,263459.85,29,47
1544,21861.2,29,49
1545,78894.25,29,51
1546,17191.3,29,53
1547,23226.5,29,55
1548,7851.5,29,57
1549,18066.65,29,59
1550,8646.9,29,61
1551,11619.4,29,63
1552,14829.7,29,65
1553,12275.4,29,67
1554,28091.15,29,69
1555,108527,29,71
1556,15137.2,29,73
1557,6410.35,29,75
1558,310876.35,29,77
1559,10083.95,29,79
1560,8405,29,81
1561,22998.95,29,83
1562,8845.75,29,85
1563,4368.55,29,87
1564,10422.2,29,89
1565,41647.8,29,91
1566,9649.35,29,93
1567,734445.3,29,95
1568,127177.9,29,97
1569,235069.4,29,99
1570,55727.2,29,101
1571,3870.4,29,103
1572,37221.85,29,105
1573,33786.05,29,107
1574,39651.1,29,109
1575,10139.3,29,111
1576,64734.9,29,113
1577,12115.5,29,115
1578,14762.05,29,117
1579,24177.7,29,119
1580,15426.25,29,121
1581,13072.85,29,123
1582,8642.8,29,125
1583,29148.95,29,127
1584,3523.95,29,129
1585,26039.1,29,131
1586,11980.2,29,133
1587,15600.5,29,135
1588,8868.3,29,137
1589,11756.75,29,139
1590,22330.65,29,141
1591,16088.4,29,143
1592,61512.3,29,145
1593,21186.75,29,147
1594,8950.3,29,149
1595,13735,29,151
1596,9163.5,29,153
1597,15213.05,29,155
1598,19329.45,29,157
1599,44437.85,29,159
1600,46446.85,29,161
1601,18105.6,29,163
1602,113297.35,29,165
1603,33511.35,29,167
1604,55290.55,29,169
1605,4782.65,29,171
1606,10680.5,29,173
1607,25237.55,29,175
1608,23685.7,29,177
1609,6156.15,29,179
1610,10971.6,29,181
1611,424149.1,29,183
1612,9815.4,29,185
1613,19110.1,29,186
1614,68644.25,29,187
1615,1015174.35,29,189
1616,23583.2,29,195
1617,4102.05,29,197
1618,4760.1,29,199
1619,38786,29,201
1620,7373.85,29,203
1621,6131.55,29,205
1622,29087.45,29,207
1623,32939.4,29,209
1624,5986,29,211
1625,58242.55,29,213
1626,25969.4,29,215
1627,20143.3,29,217
1628,38191.5,29,219
1629,24028.05,29,221
1630,11061.8,29,223
1631,41344.4,29,225
1632,2004.9,29,227
1633,19634.9,29,229
1634,293742.45,29,510
1635,1150939.7,30,0
1636,9963,30,1
1637,13173.3,30,3
1638,7109.4,30,5
1639,7988.85,30,7
1640,11459.5,30,9
1641,1416.55,30,11
1642,86985.6,30,13
1643,6045.45,30,15
1644,12332.8,30,17
1645,1668.7,30,19
1646,9050.75,30,21
1647,9747.75,30,23
1648,3087.3,30,25
1649,11955.6,30,27
1650,114609.35,30,29
1651,127979.45,30,31
1652,1248.45,30,33
1653,14024.05,30,35
1654,856.9,30,37
1655,3589.55,30,39
1656,16469.7,30,41
1657,13146.65,30,43
1658,2158.65,30,45
1659,33675.35,30,47
1660,75677.8,30,49
1661,2021.3,30,51
1662,22064.15,30,53
1663,1752.75,30,55
1664,9497.65,30,57
1665,2064.35,30,59
1666,5184.45,30,61
1667,124068.05,30,63
1668,5327.95,30,65
1669,18234.75,30,67
1670,537.1,30,69
1671,4346,30,71
1672,6229.95,30,73
1673,1769.15,30,75
1674,7228.3,30,77
1675,1135.7,30,79
1676,48480.45,30,81
1677,11518.95,30,83
1678,10836.3,30,85
1679,8290.2,30,87
1680,13778.05,30,89
1681,3653.1,30,91
1682,36969.7,30,93
1683,9407.45,30,95
1684,3808.9,30,97
1685,6527.2,30,99
1686,5209.05,30,101
1687,776.95,30,103
1688,7701.85,30,105
1689,2082.8,30,107
1690,943,30,109
1691,174098.3,30,111
1692,2017122.1,31,0
1693,31744.25,31,1
1694,6451.35,31,3
1695,444.85,31,5
1696,676.5,31,7
1697,465.35,31,9
1698,5520.65,31,11
1699,10938.8,31,13
1700,1785.55,31,15
1701,2943.8,31,17
1702,51850.65,31,19
1703,6924.9,31,21
1704,8638.7,31,23
1705,27800.05,31,25
1706,8581.3,31,27
1707,3866.3,31,29
1708,5600.6,31,31
1709,9749.8,31,33
1710,6201.25,31,35
1711,10705.1,31,37
1712,9153.25,31,39
1713,10737.9,31,41
1714,21568.05,31,43
1715,8448.05,31,45
1716,24481.1,31,47
1717,1949.55,31,49
1718,5600.6,31,51
1719,37922.95,31,53
1720,600986.2,31,55
1721,1629.75,31,57
1722,5692.85,31,59
1723,2945.85,31,61
1724,2699.85,31,63
1725,4690.4,31,65
1726,22123.6,31,67
1727,1883.95,31,69
1728,1847.05,31,71
1729,1853.2,31,73
1730,590.4,31,75
1731,2283.7,31,77
1732,63650.45,31,79
1733,9665.75,31,81
1734,3130.35,31,83
1735,871.25,31,85
1736,2662.95,31,87
1737,10295.1,31,89
1738,703.15,31,91
1739,6678.9,31,93
1740,7332.85,31,95
1741,5420.2,31,97
1742,6857.25,31,99
1743,8476.75,31,101
1744,807.7,31,103
1745,3398.9,31,105
1746,8544.4,31,107
1747,332874.9,31,109
1748,34528.15,31,111
1749,692.9,31,113
1750,615,31,115
1751,381.3,31,117
1752,36252.2,31,119
1753,7915.05,31,121
1754,4641.2,31,123
1755,3409.15,31,125
1756,7211.9,31,127
1757,4143.05,31,129
1758,16602.95,31,131
1759,2591.2,31,133
1760,2900.75,31,135
1761,9212.7,31,137
1762,7515.3,31,139
1763,35153.4,31,141
1764,5295.15,31,143
1765,10838.35,31,145
1766,7898.65,31,147
1767,1277.15,31,149
1768,14468.9,31,151
1769,201467.85,31,153
1770,23695.95,31,155
1771,36494.1,31,157
1772,18134.3,31,159
1773,5120.9,31,161
1774,3054.5,31,163
1775,1156.2,31,165
1776,5860.95,31,167
1777,5008.15,31,169
1778,688.8,31,171
1779,6670.7,31,173
1780,4175.85,31,175
1781,21697.2,31,177
1782,10118.8,31,179
1783,3419.4,31,181
1784,805.65,31,183
1785,14712.85,31,185
1786,3257216.3,32,0
1787,26490.1,32,1
1788,2381060.65,32,3
1789,50868.7,32,5
1790,55397.15,32,7
1791,762.6,32,9
1792,1910.6,32,11
1793,17703.8,32,13
1794,5910.15,32,15
1795,4594.05,32,17
1796,63125.65,32,19
1797,4639.15,32,21
1798,56106.45,32,23
1799,6623.55,32,27
1800,4274.25,32,29
1801,509164.65,32,31
1802,9007.7,32,33
1803,59583.25,32,510
1804,1430112.8,33,0
1805,66401.55,33,1
1806,53505,33,3
1807,79283.75,33,5
1808,32291.6,33,7
1809,93404.15,33,9
1810,437258.85,33,11
1811,159920.5,33,13
1812,327409.6,33,15
1813,135582.9,33,17
1814,45056.95,33,19
1815,9493242.5,34,0
1816,282528.95,34,1
1817,976822.95,34,3
1818,477756.6,34,5
1819,538030.7,34,7
1820,98024.85,34,9
1821,155139.9,34,11
1822,870714.95,34,13
1823,314267.05,34,15
1824,720950.15,34,17
1825,133022.45,34,19
1826,390205.2,34,21
1827,882953.45,34,23
1828,660200.45,34,25
1829,523930.8,34,27
1830,672129.4,34,29
1831,526784.4,34,31
1832,66745.95,34,33
1833,355547.9,34,35
1834,149736.1,34,37
1835,584061.4,34,39
1836,113699.15,34,41
1837,2166177.6,35,0
1838,689320.7,35,1
1839,3923.7,35,3
1840,65491.35,35,5
1841,27623.75,35,6
1842,12552.15,35,7
1843,48720.3,35,9
1844,1736.35,35,11
1845,228921.45,35,13
1846,61910,35,15
1847,28378.15,35,17
1848,4417.75,35,19
1849,643.7,35,21
1850,4104.1,35,23
1851,74263.3,35,25
1852,20922.3,35,27
1853,19667.7,35,28
1854,26393.75,35,29
1855,71575.75,35,31
1856,4274.25,35,33
1857,70544.6,35,35
1858,8759.65,35,37
1859,41049.2,35,39
1860,19407.35,35,41
1861,157339.55,35,43
1862,123428.45,35,45
1863,27627.85,35,47
1864,159555.6,35,49
1865,11721.9,35,51
1866,16518.9,35,53
1867,35444.5,35,55
1868,15840.35,35,57
1869,4079.5,35,59
1870,80032,35,61
1871,20169080.8,36,0
1872,323707.3,36,1
1873,47861.35,36,3
1874,1414444.65,36,5
1875,202045.95,36,7
1876,78351,36,9
1877,76872.95,36,11
1878,129178.7,36,13
1879,83461.65,36,15
1880,47619.45,36,17
1881,80722.85,36,19
1882,62818.15,36,21
1883,47279.15,36,23
1884,45858.5,36,25
1885,304984.65,36,27
1886,974069.8,36,29
1887,37832.75,36,31
1888,47533.35,36,33
1889,53986.75,36,35
1890,58974.4,36,37
1891,49263.55,36,39
1892,5245.95,36,41
1893,61317.55,36,43
1894,119553.95,36,45
1895,2655278.9,36,47
1896,27367.5,36,49
1897,63053.9,36,51
1898,68775.45,36,53
1899,770836.9,36,55
1900,50864.6,36,57
1901,1418319.15,36,59
1902,1636180.85,36,61
1903,216152,36,63
1904,234567.15,36,65
1905,479956.25,36,67
1906,115525.7,36,69
1907,416090.55,36,71
1908,40300.95,36,73
1909,121245.2,36,75
1910,62151.9,36,77
1911,100497.15,36,79
1912,2334980.75,36,81
1913,163850.35,36,83
1914,503412.35,36,85
1915,347497.55,36,87
1916,110427.35,36,89
1917,244767.95,36,91
1918,164096.35,36,93
1919,30815.6,36,95
1920,18091.25,36,97
1921,33704.05,36,99
1922,94915,36,101
1923,1563602.65,36,103
1924,81649.45,36,105
1925,48966.3,36,107
1926,107397.45,36,109
1927,186878,36,111
1928,67240,36,113
1929,62363.05,36,115
1930,93404.15,36,117
1931,1015188.7,36,119
1932,40657.65,36,121
1933,25063.3,36,123
1934,10966448.35,37,0
1935,180762.85,37,1
1936,37424.8,37,3
1937,11465.65,37,5
1938,22757.05,37,7
1939,27787.75,37,9
1940,18011.3,37,11
1941,45378.8,37,13
1942,17671,37,15
1943,30182.15,37,17
1944,156890.6,37,19
1945,280429.75,37,21
1946,90079.05,37,23
1947,241692.95,37,25
1948,82504.3,37,27
1949,11365.2,37,29
1950,71114.5,37,31
1951,23179.35,37,33
1952,167548.55,37,35
1953,81860.6,37,37
1954,30249.8,37,39
1955,14288.5,37,41
1956,11904.35,37,43
1957,103186.75,37,45
1958,51133.15,37,47
1959,103395.85,37,49
1960,345117.5,37,51
1961,31791.4,37,53
1962,38904.9,37,55
1963,176900.65,37,57
1964,45192.25,37,59
1965,50214.75,37,61
1966,340997,37,63
1967,49509.55,37,65
1968,398886.95,37,67
1969,76403.5,37,69
1970,240071.4,37,71
1971,10643.6,37,73
1972,8179.5,37,75
1973,63451.6,37,77
1974,20717.3,37,79
1975,559754.55,37,81
1976,49044.2,37,83
1977,142302.8,37,85
1978,64175.25,37,87
1979,121058.65,37,89
1980,21397.9,37,91
1981,55132.7,37,93
1982,4690.4,37,95
1983,200795.45,37,97
1984,44029.9,37,99
1985,240647.45,37,101
1986,9464.85,37,103
1987,67112.9,37,105
1988,55999.85,37,107
1989,95423.4,37,109
1990,45872.85,37,111
1991,39017.65,37,113
1992,22312.2,37,115
1993,22045.7,37,117
1994,1174026.8,37,119
1995,15471.35,37,121
1996,26541.35,37,123
1997,108170.3,37,125
1998,98184.75,37,127
1999,240795.05,37,129
2000,17199.5,37,131
2001,212480.45,37,133
2002,154239.95,37,135
2003,12691.55,37,137
2004,41961.45,37,139
2005,67381.45,37,141
2006,13540.25,37,143
2007,40370.65,37,145
2008,177880.55,37,147
2009,20485.65,37,149
2010,149695.1,37,151
2011,43847.45,37,153
2012,119580.6,37,155
2013,94256.95,37,157
2014,153387.15,37,159
2015,66588.1,37,161
2016,60598,37,163
2017,35016.05,37,165
2018,65757.85,37,167
2019,46305.4,37,169
2020,73189.1,37,171
2021,14317.2,37,173
2022,34189.9,37,175
2023,3450.15,37,177
2024,255296.75,37,179
2025,43191.45,37,181
2026,1204397.55,37,183
2027,19181.85,37,185
2028,11098.7,37,187
2029,56467.25,37,189
2030,120218.15,37,191
2031,67428.6,37,193
2032,80411.25,37,195
2033,38400.6,37,197
2034,19282.3,37,199
2035,798743.55,38,0
2036,2168.9,38,1
2037,11026.95,38,3
2038,5914.25,38,5
2039,1043.45,38,7
2040,6535.4,38,9
2041,2966.35,38,11
2042,2209.9,38,13
2043,101762,38,15
2044,197552.35,38,17
2045,3687.95,38,19
2046,5047.1,38,21
2047,2242.7,38,23
2048,4116.4,38,25
2049,2371.85,38,27
2050,3331.25,38,29
2051,3462.45,38,31
2052,1787.6,38,33
2053,74224.35,38,35
2054,2300.1,38,37
2055,2308.3,38,39
2056,2466.15,38,41
2057,2453.85,38,43
2058,4200.45,38,45
2059,1902.4,38,47
2060,5319.75,38,49
2061,2537.9,38,51
2062,14255.7,38,53
2063,10069.6,38,55
2064,8542.35,38,57
2065,34552.75,38,59
2066,9522.25,38,61
2067,3070.9,38,63
2068,1902.4,38,65
2069,6933.1,38,67
2070,4040.55,38,69
2071,11803.9,38,71
2072,5781,38,73
2073,2275.5,38,75
2074,16994.5,38,77
2075,12232.35,38,79
2076,3890.9,38,81
2077,1328.4,38,83
2078,3804.8,38,85
2079,688.8,38,87
2080,33624.1,38,89
2081,1832.7,38,91
2082,22025.2,38,93
2083,2115.6,38,95
2084,8156.95,38,97
2085,10698.95,38,99
2086,70591.75,38,101
2087,4028.25,38,103
2088,39062.75,38,105
2089,12049959.45,39,0
2090,28105.5,39,1
2091,103643.9,39,3
2092,53486.55,39,5
2093,99439.35,39,7
2094,60454.5,39,9
2095,47096.7,39,11
2096,67147.75,39,13
2097,44772,39,15
2098,398130.5,39,17
2099,27326.5,39,19
2100,39677.75,39,21
2101,138202.8,39,23
2102,216076.15,39,25
2103,43013.1,39,27
2104,103024.8,39,29
2105,37486.3,39,31
2106,42560.05,39,33
2107,1266943.05,39,35
2108,52818.25,39,37
2109,39142.7,39,39
2110,231953.4,39,41
2111,76364.55,39,43
2112,166970.45,39,45
2113,29561,39,47
2114,1354865.5,39,49
2115,43226.3,39,51
2116,29794.7,39,53
2117,97856.75,39,55
2118,172667.4,39,57
2119,39050.45,39,59
2120,845663.95,39,61
2121,76733.55,39,63
2122,31176.4,39,65
2123,14737.45,39,67
2124,28199.8,39,69
2125,44476.8,39,71
2126,28554.45,39,73
2127,45499.75,39,75
2128,59673.45,39,77
2129,33400.65,39,79
2130,65938.25,39,81
2131,64763.6,39,83
2132,237638.05,39,85
2133,58070.35,39,87
2134,185894,39,89
2135,47191,39,91
2136,324174.7,39,93
2137,437310.1,39,95
2138,44628.5,39,97
2139,231276.9,39,99
2140,66258.05,39,101
2141,188099.8,39,103
2142,22519.25,39,105
2143,43406.7,39,107
2144,113004.2,39,109
2145,13564.85,39,111
2146,547239.3,39,113
2147,14009.7,39,115
2148,36223.5,39,117
2149,88266.85,39,119
2150,14694.4,39,121
2151,40977.45,39,123
2152,19226.95,39,125
2153,36367,39,127
2154,61524.6,39,129
2155,27681.15,39,131
2156,165789.65,39,133
2157,41610.9,39,135
2158,35192.35,39,137
2159,128453,39,139
2160,78521.15,39,141
2161,60134.7,39,143
2162,73998.85,39,145
2163,55997.8,39,147
2164,48863.8,39,149
2165,381974.45,39,151
2166,549279.05,39,153
2167,205660.1,39,155
2168,94236.45,39,157
2169,68570.45,39,159
2170,29489.25,39,161
2171,12880.15,39,163
2172,256022.45,39,165
2173,60374.55,39,167
2174,119474,39,169
2175,37568.3,39,171
2176,134881.8,39,173
2177,22107.2,39,175
2178,4120295,40,0
2179,20065.4,40,1
2180,5778.95,40,3
2181,14618.55,40,5
2182,5141.4,40,7
2183,22560.25,40,9
2184,8620.25,40,11
2185,49386.55,40,13
2186,26852.95,40,15
2187,173378.75,40,17
2188,49722.75,40,19
2189,49300.45,40,21
2190,14716.95,40,23
2191,2308.3,40,25
2192,307077.7,40,27
2193,5446.85,40,29
2194,126122.15,40,31
2195,5614.95,40,33
2196,14477.1,40,35
2197,74517.5,40,37
2198,28583.15,40,39
2199,42449.35,40,41
2200,4512.05,40,43
2201,3749.45,40,45
2202,63468,40,47
2203,26356.85,40,49
2204,58074.45,40,51
2205,4227.1,40,53
2206,5686.7,40,55
2207,2488.7,40,57
2208,3208.25,40,59
2209,11933.05,40,61
2210,13743.2,40,63
2211,25169.9,40,65
2212,5524.75,40,67
2213,10666.15,40,69
2214,44759.7,40,71
2215,15676.35,40,73
2216,8554.65,40,75
2217,9870.75,40,77
2218,50130.7,40,79
2219,35042.7,40,81
2220,53232.35,40,83
2221,10473.45,40,85
2222,46438.65,40,87
2223,31705.3,40,89
2224,19938.3,40,91
2225,7689.55,40,93
2226,16279.05,40,95
2227,40579.75,40,97
2228,14013.8,40,99
2229,68012.85,40,101
2230,11168.4,40,103
2231,9721.1,40,105
2232,11412.35,40,107
2233,822624,40,109
2234,37914.75,40,111
2235,46986,40,113
2236,31096.45,40,115
2237,16151.95,40,117
2238,84863.85,40,119
2239,44704.35,40,121
2240,39095.55,40,123
2241,75372.35,40,125
2242,11039.25,40,127
2243,3403,40,129
2244,101306.9,40,131
2245,23935.8,40,133
2246,40659.7,40,135
2247,44802.75,40,137
2248,21008.4,40,139
2249,7152.45,40,141
2250,694291.95,40,143
2251,88810.1,40,145
2252,54573.05,40,147
2253,11000.3,40,149
2254,8802.7,40,151
2255,20489.75,40,153
2256,4346141.45,41,0
2257,17361.45,41,1
2258,100070.75,41,3
2259,433757.45,41,5
2260,42738.4,41,7
2261,54927.7,41,9
2262,66614.75,41,11
2263,27035.4,41,13
2264,24187.95,41,15
2265,211713.75,41,17
2266,115105.45,41,19
2267,2068.45,41,21
2268,7398.45,41,23
2269,7703.9,41,25
2270,24649.2,41,27
2271,227185.1,41,29
2272,25963.25,41,31
2273,89923.25,41,33
2274,71967.3,41,35
2275,8595.65,41,37
2276,391912.85,41,39
2277,52084.35,41,41
2278,133729.7,41,43
2279,32677,41,45
2280,355371.6,41,47
2281,12607.5,41,49
2282,814961.1,41,51
2283,91854.35,41,53
2284,2004.9,41,55
2285,28263.35,41,57
2286,82221.4,41,59
2287,26832.45,41,61
2288,7851.5,41,63
2289,27226.05,41,65
2290,615180.4,41,67
2291,1482.15,41,69
2292,110931.65,41,71
2293,13296308.2,42,0
2294,108678.7,42,1
2295,1264085.35,42,3
2296,66366.7,42,5
2297,169819.95,42,7
2298,48603.45,42,9
2299,441211.25,42,11
2300,124057.8,42,13
2301,61362.65,42,15
2302,661180.35,42,17
2303,202232.5,42,19
2304,134728.05,42,21
2305,4528.45,42,23
2306,67096.5,42,25
2307,162386.65,42,27
2308,559469.6,42,29
2309,38279.65,42,31
2310,79851.6,42,33
2311,38880.3,42,35
2312,66549.15,42,37
2313,84736.75,42,39
2314,275294.5,42,41
2315,296020,42,43
2316,589561.55,42,45
2317,31239.95,42,47
2318,274382.25,42,49
2319,128899.9,42,51
2320,6791.65,42,53
2321,160824.55,42,55
2322,14897.35,42,57
2323,35530.6,42,59
2324,44364.05,42,61
2325,85031.95,42,63
2326,44888.85,42,65
2327,23923.5,42,67
2328,221006.4,42,69
2329,570545.75,42,71
2330,86971.25,42,73
2331,147612.3,42,75
2332,385725.95,42,77
2333,334529.25,42,79
2334,115931.6,42,81
2335,40862.65,42,83
2336,111950.5,42,85
2337,47137.7,42,87
2338,171377.95,42,89
2339,886301.1,42,91
2340,18544.3,42,93
2341,326489.15,42,95
2342,92387.35,42,97
2343,47266.85,42,99
2344,1606439.45,42,101
2345,62071.95,42,103
2346,16625.5,42,105
2347,146681.6,42,107
2348,40643.3,42,109
2349,74527.75,42,111
2350,6002.4,42,113
2351,39025.85,42,115
2352,42133.65,42,117
2353,43812.6,42,119
2354,51022.45,42,121
2355,38753.2,42,123
2356,215643.6,42,125
2357,52453.35,42,127
2358,360859.45,42,129
2359,26664.35,42,131
2360,472584.45,42,133
2361,1121077.35,44,0
2362,51619,44,1
2363,175557.9,44,3
2364,86594.05,44,5
2365,673720.2,44,7
2366,133588.25,44,9
2367,5414699.85,45,0
2368,24964.9,45,1
2369,178503.75,45,3
2370,7769.5,45,5
2371,214821.55,45,7
2372,13230.7,45,9
2373,20924.35,45,11
2374,201281.3,45,13
2375,251245.95,45,15
2376,14534.5,45,17
2377,429762,45,19
2378,57525.05,45,21
2379,32730.3,45,23
2380,44776.1,45,25
2381,31686.85,45,27
2382,39565,45,29
2383,63957.95,45,31
2384,28431.45,45,33
2385,170287.35,45,35
2386,27605.3,45,37
2387,20967.4,45,39
2388,140140.05,45,41
2389,66340.05,45,43
2390,561648.75,45,45
2391,70999.7,45,47
2392,18566.85,45,49
2393,392679.55,45,51
2394,32841,45,53
2395,69445.8,45,55
2396,107192.45,45,57
2397,69665.15,45,59
2398,16557.85,45,61
2399,312417.95,45,63
2400,10008.1,45,65
2401,29161.25,45,67
2402,26691,45,69
2403,39204.2,45,71
2404,82184.5,45,73
2405,85171.35,45,75
2406,136798.55,45,77
2407,432105.15,45,79
2408,19411.45,45,81
2409,354477.8,45,83
2410,106612.3,45,85
2411,27420.8,45,87
2412,30809.45,45,89
2413,301604.2,45,91
2414,932569.6,46,0
2415,2824.9,46,3
2416,19860.4,46,5
2417,3419.4,46,7
2418,7238.55,46,9
2419,36371.1,46,11
2420,38921.3,46,13
2421,5455.05,46,15
2422,1908.55,46,17
2423,11043.35,46,19
2424,1383.75,46,21
2425,9444.35,46,23
2426,4009.8,46,25
2427,15662,46,27
2428,29440.05,46,29
2429,3921.65,46,31
2430,9231.15,46,33
2431,20473.35,46,35
2432,5617,46,37
2433,4460.8,46,39
2434,5268.5,46,41
2435,2845.4,46,43
2436,4167.65,46,45
2437,7554.25,46,47
2438,2179.15,46,49
2439,7650.6,46,51
2440,4061.05,46,53
2441,1871.65,46,55
2442,6510.8,46,57
2443,3218.5,46,59
2444,3548.55,46,61
2445,1363.25,46,63
2446,18134.3,46,65
2447,7552.2,46,67
2448,1213.6,46,69
2449,2892.55,46,71
2450,1691.25,46,73
2451,906.1,46,75
2452,5426.35,46,77
2453,11246.3,46,79
2454,27894.35,46,81
2455,72762.7,46,83
2456,3784.3,46,85
2457,5922.45,46,87
2458,2455.9,46,89
2459,4483.35,46,91
2460,31465.45,46,93
2461,1939.3,46,95
2462,2361.6,46,97
2463,209071.3,46,99
2464,6508.75,46,101
2465,13858,46,102
2466,117323.55,46,103
2467,2874.1,46,105
2468,2498.95,46,107
2469,10418.1,46,109
2470,2476.4,46,111
2471,6391.9,46,115
2472,3075,46,117
2473,1508.8,46,119
2474,9450.5,46,121
2475,5705.15,46,123
2476,9077.4,46,125
2477,17490.6,46,127
2478,5397.65,46,129
2479,23958.35,46,135
2480,2455.9,46,137
2481,7227623.5,47,0
2482,80886.85,47,1
2483,53248.75,47,3
2484,16402.05,47,5
2485,15167.95,47,7
2486,143456.95,47,9
2487,113381.4,47,11
2488,40573.6,47,13
2489,15157.7,47,15
2490,29169.45,47,17
2491,57820.25,47,19
2492,42875.75,47,21
2493,18050.25,47,23
2494,33242.8,47,25
2495,7810.5,47,27
2496,37802,47,29
2497,61221.2,47,31
2498,14235.2,47,33
2499,65110.05,47,35
2500,725847.6,47,37
2501,11853.1,47,39
2502,21529.1,47,41
2503,57156.05,47,43
2504,37320.25,47,45
2505,44720.75,47,47
2506,19815.3,47,49
2507,45040.55,47,51
2508,52108.95,47,53
2509,31317.85,47,55
2510,24884.95,47,57
2511,73191.15,47,59
2512,14128.6,47,61
2513,66797.2,47,63
2514,384049.05,47,65
2515,7017.15,47,67
2516,26168.25,47,69
2517,27754.95,47,71
2518,59495.1,47,73
2519,17988.75,47,75
2520,28628.25,47,77
2521,33189.5,47,79
2522,26092.4,47,81
2523,8425.5,47,83
2524,19583.65,47,85
2525,12289.75,47,87
2526,58146.2,47,89
2527,18538.15,47,91
2528,506938.35,47,93
2529,6670.7,47,95
2530,25413.85,47,97
2531,46551.4,47,99
2532,13281.95,47,101
2533,36904.1,47,103
2534,59636.55,47,105
2535,56088,47,107
2536,26637.7,47,109
2537,26885.75,47,111
2538,101727.15,47,113
2539,29821.35,47,115
2540,36774.95,47,117
2541,110864,47,119
2542,13603.8,47,121
2543,48933.5,47,123
2544,241082.05,47,125
2545,6910.55,47,127
2546,21754.6,47,129
2547,31153.85,47,131
2548,23620.1,47,133
2549,8903.15,47,135
2550,5235.7,47,137
2551,18310.6,47,139
2552,84441.55,47,141
2553,34573.25,47,143
2554,56459.05,47,145
2555,77356.75,47,147
2556,369635.5,47,149
2557,22586.9,47,151
2558,17332.75,47,153
2559,101259.75,47,155
2560,939281.3,47,157
2561,21002.25,47,159
2562,14386.9,47,161
2563,164840.5,47,163
2564,208954.45,47,165
2565,63197.4,47,167
2566,12414.8,47,169
2567,18115.85,47,171
2568,20963.3,47,173
2569,6590.75,47,175
2570,43076.65,47,177
2571,139576.3,47,179
2572,16715.7,47,181
2573,33890.6,47,183
2574,28765.6,47,185
2575,267336.4,47,187
2576,162519.9,47,189
2577,30780311.3,48,0
2578,59515.6,48,1
2579,18792.35,48,3
2580,89279.55,48,5
2581,25567.6,48,7
2582,9056.9,48,9
2583,1896.25,48,11
2584,52135.6,48,13
2585,31875.45,48,15
2586,6949.5,48,17
2587,22668.9,48,19
2588,108842.7,48,21
2589,3552.65,48,23
2590,31153.85,48,25
2591,398095.65,48,27
2592,2111018.25,48,29
2593,12728.45,48,31
2594,600.65,48,33
2595,19165.45,48,35
2596,94336.9,48,37
2597,397886.55,48,39
2598,248064.35,48,41
2599,9577.6,48,43
2600,1467.8,48,45
2601,7078.65,48,47
2602,39333.35,48,49
2603,19124.45,48,51
2604,53814.55,48,53
2605,49044.2,48,55
2606,20198.65,48,57
2607,14565.25,48,59
2608,435838.2,48,61
2609,13033.9,48,63
2610,5928.6,48,65
2611,29253.5,48,67
2612,7480.45,48,69
2613,52570.2,48,71
2614,52937.15,48,73
2615,6980.25,48,75
2616,10748.15,48,77
2617,2589.15,48,79
2618,3417.35,48,81
2619,8046.25,48,83
2620,1187663.4,48,85
2621,2632.2,48,87
2622,21272.85,48,89
2623,189258.05,48,91
2624,14224.95,48,93
2625,3423.5,48,95
2626,44126.25,48,97
2627,87184.45,48,99
2628,1340.7,48,101
2629,4659.65,48,103
2630,3017.6,48,105
2631,5122.95,48,107
2632,2209.9,48,109
2633,7423.05,48,111
2634,2665861,48,113
2635,12433.25,48,115
2636,18837.45,48,117
2637,5541.15,48,119
2638,1001714.05,48,121
2639,20266.3,48,123
2640,1769.15,48,125
2641,8597.7,48,127
2642,3423.5,48,129
2643,10135.2,48,131
2644,18392.6,48,133
2645,164891.75,48,135
2646,1457.55,48,137
2647,217486.55,48,139
2648,890483.1,48,141
2649,44993.4,48,143
2650,17476.25,48,145
2651,38054.15,48,147
2652,25536.85,48,149
2653,3712.55,48,151
2654,5366.9,48,153
2655,1084.45,48,155
2656,911374.65,48,157
2657,10883.45,48,159
2658,20448.75,48,161
2659,18261.4,48,163
2660,22736.55,48,165
2661,366045.95,48,167
2662,6418.55,48,169
2663,28164.95,48,171
2664,1193.1,48,173
2665,7310.3,48,175
2666,20327.8,48,177
2667,21541.4,48,179
2668,146710.3,48,181
2669,128580.1,48,183
2670,31522.85,48,185
2671,187329,48,187
2672,32623.7,48,189
2673,2880.25,48,191
2674,8505.45,48,193
2675,5280.8,48,195
2676,3603.9,48,197
2677,59257.3,48,199
2678,4900436.85,48,201
2679,71704.9,48,203
2680,5338.2,48,205
2681,5539.1,48,207
2682,275956.65,48,209
2683,3298.45,48,211
2684,86624.8,48,213
2685,910577.2,48,215
2686,38263.25,48,217
2687,21691.05,48,219
2688,68033.35,48,221
2689,38749.1,48,223
2690,22498.75,48,225
2691,34513.8,48,227
2692,3517.8,48,229
2693,110989.05,48,231
2694,20721.4,48,233
2695,1568.25,48,235
2696,9145.05,48,237
2697,15520.55,48,239
2698,33296.1,48,241
2699,1951.6,48,243
2700,257100.75,48,245
2701,4883.1,48,247
2702,39796.65,48,249
2703,200393.65,48,251
2704,20434.4,48,253
2705,15206.9,48,255
2706,176675.15,48,257
2707,50198.35,48,259
2708,366.95,48,261
2709,758.5,48,263
2710,55085.55,48,265
2711,4532.55,48,267
2712,239.85,48,269
2713,3206.2,48,271
2714,31121.05,48,273
2715,3355.85,48,275
2716,51746.1,48,277
2717,13042.1,48,279
2718,23355.65,48,281
2719,6769.1,48,283
2720,21104.75,48,285
2721,18402.85,48,287
2722,16615.25,48,289
2723,104541.8,48,291
2724,22810.35,48,293
2725,2925.35,48,295
2726,11713.7,48,297
2727,23103.5,48,299
2728,53.3,48,301
2729,325501.05,48,303
2730,5867.1,48,305
2731,7685.45,48,307
2732,273506.9,48,309
2733,590.4,48,311
2734,14003.55,48,313
2735,9799,48,315
2736,5348.45,48,317
2737,4081.55,48,319
2738,37029.15,48,321
2739,59290.1,48,323
2740,55067.1,48,325
2741,2017.2,48,327
2742,176300,48,329
2743,26268.7,48,331
2744,4612.5,48,333
2745,9167.6,48,335
2746,21590.6,48,337
2747,695452.25,48,339
2748,21520.9,48,341
2749,12386.1,48,343
2750,1057.8,48,345
2751,66483.55,48,347
2752,56001.9,48,349
2753,12353.3,48,351
2754,14835.85,48,353
2755,360465.85,48,355
2756,9846.15,48,357
2757,1795.8,48,359
2758,87057.35,48,361
2759,29971,48,363
2760,23244.95,48,365
2761,169979.85,48,367
2762,9860.5,48,369
2763,15104.4,48,371
2764,54587.4,48,373
2765,118537.15,48,375
2766,6088.5,48,377
2767,13144.6,48,379
2768,149793.5,48,381
2769,3214.4,48,383
2770,2911,48,385
2771,11830.55,48,387
2772,13228.65,48,389
2773,6797.8,48,391
2774,824.1,48,393
2775,17582.85,48,395
2776,126288.2,48,397
2777,10106.5,48,399
2778,54667.35,48,401
2779,10299.2,48,403
2780,8054.45,48,405
2781,29056.7,48,407
2782,71702.85,48,409
2783,5969.6,48,411
2784,2416.95,48,413
2785,17103.15,48,415
2786,3265.65,48,417
2787,24608.2,48,419
2788,2870,48,421
2789,247970.05,48,423
2790,10001.95,48,425
2791,67371.2,48,427
2792,9624.75,48,429
2793,1453.45,48,431
2794,1211.55,48,433
2795,3298.45,48,435
2796,7054.05,48,437
2797,2208460.9,48,439
2798,148793.1,48,441
2799,711.35,48,443
2800,11857.2,48,445
2801,1588.75,48,447
2802,31988.2,48,449
2803,121864.3,48,451
2804,1359596.9,48,453
2805,14345.9,48,455
2806,20530.75,48,457
2807,43550.2,48,459
2808,3230.8,48,461
2809,25563.5,48,463
2810,48796.15,48,465
2811,64431.5,48,467
2812,93342.65,48,469
2813,80841.75,48,471
2814,63441.35,48,473
2815,11238.1,48,475
2816,37064,48,477
2817,274474.5,48,479
2818,42869.6,48,481
2819,4928.2,48,483
2820,133227.45,48,485
2821,12804.3,48,487
2822,20647.6,48,489
2823,688203.45,48,491
2824,54054.4,48,493
2825,7488.65,48,495
2826,76768.4,48,497
2827,48029.45,48,499
2828,7638.3,48,501
2829,18411.05,48,503
2830,14196.25,48,505
2831,9612.45,48,507
2832,3465320,49,0
2833,7511.2,49,1
2834,63035.45,49,3
2835,143678.35,49,5
2836,21086.3,49,7
2837,1039.35,49,9
2838,379196.7,49,11
2839,20666.05,49,13
2840,10352.5,49,15
2841,5414.05,49,17
2842,10014.25,49,19
2843,63990.75,49,21
2844,12882.2,49,23
2845,8433.7,49,25
2846,13663.25,49,27
2847,13152.8,49,29
2848,1525.2,49,31
2849,2693.7,49,33
2850,1215914.45,49,35
2851,14719,49,37
2852,30467.1,49,39
2853,22621.75,49,41
2854,44111.9,49,43
2855,81932.35,49,45
2856,38070.55,49,47
2857,719994.85,49,49
2858,37535.5,49,51
2859,202622,49,53
2860,2712.15,49,55
2861,276301.05,49,57
2862,663240.6,50,0
2863,38517.45,50,1
2864,38326.8,50,3
2865,31344.5,50,5
2866,173534.55,50,7
2867,6143.85,50,9
2868,52000.3,50,11
2869,7677.25,50,13
2870,26742.25,50,15
2871,30592.15,50,17
2872,28357.65,50,19
2873,61875.15,50,21
2874,61549.2,50,23
2875,46988.05,50,25
2876,59595.55,50,27
2877,8900710.5,51,0
2878,34021.8,51,1
2879,117397.35,51,3
2880,15206.9,51,5
2881,13792.4,51,7
2882,32379.75,51,9
2883,17166.7,51,11
2884,239850,51,13
2885,80015.6,51,15
2886,4151.25,51,17
2887,82869.2,51,19
2888,6301.7,51,21
2889,34989.4,51,23
2890,16320.05,51,25
2891,19835.8,51,27
2892,17406.55,51,29
2893,56520.55,51,31
2894,32756.95,51,33
2895,29876.7,51,35
2896,6771.15,51,36
2897,11762.9,51,37
2898,387868.2,51,41
2899,15647.65,51,43
2900,4969.2,51,45
2901,55741.55,51,47
2902,9989.65,51,49
2903,14069.15,51,51
2904,28866.05,51,53
2905,10895.75,51,57
2906,1166790.3,51,59
2907,76530.6,51,61
2908,16010.5,51,63
2909,28864,51,65
2910,56450.85,51,67
2911,97428.3,51,69
2912,16865.35,51,71
2913,40481.35,51,73
2914,26762.75,51,75
2915,15727.6,51,77
2916,21635.7,51,79
2917,11506.65,51,81
2918,34485.1,51,83
2919,115761.45,51,85
2920,342311.05,51,87
2921,51153.65,51,89
2922,2359.55,51,91
2923,41155.8,51,93
2924,83230,51,95
2925,6885.95,51,97
2926,28552.4,51,99
2927,18954.3,51,101
2928,11018.75,51,103
2929,22531.55,51,105
2930,442888.15,51,107
2931,41118.9,51,109
2932,12332.8,51,111
2933,14350,51,113
2934,8702.25,51,115
2935,31270.7,51,117
2936,11217.6,51,119
2937,101388.9,51,121
2938,15018.3,51,125
2939,25610.65,51,127
2940,12197.5,51,131
2941,12609.55,51,133
2942,15949,51,135
2943,38941.8,51,137
2944,24343.75,51,139
2945,18085.1,51,141
2946,61450.8,51,143
2947,32277.25,51,145
2948,22476.2,51,147
2949,44212.35,51,149
2950,499117.6,51,153
2951,34548.65,51,155
2952,7689.55,51,157
2953,9307,51,159
2954,99336.85,51,161
2955,23158.85,51,163
2956,87532.95,51,165
2957,26084.2,51,167
2958,22012.9,51,169
2959,46092.2,51,171
2960,30186.25,51,173
2961,18380.3,51,175
2962,150355.2,51,177
2963,167464.5,51,179
2964,6691.2,51,181
2965,10947,51,183
2966,40817.55,51,185
2967,42476,51,187
2968,55306.95,51,191
2969,19179.8,51,193
2970,36307.55,51,195
2971,28814.8,51,197
2972,73125.55,51,199
2973,159414.15,51,510
2974,17400.4,51,520
2975,6756.8,51,530
2976,46508.35,51,540
2977,258800.2,51,550
2978,18751.35,51,570
2979,5822,51,580
2980,43285.75,51,590
2981,5619.05,51,595
2982,25456.9,51,600
2983,14950.65,51,610
2984,8454.2,51,620
2985,29476.95,51,630
2986,6898.25,51,640
2987,141488.95,51,650
2988,52436.95,51,660
2989,23536.05,51,670
2990,7644.45,51,678
2991,81270.2,51,680
2992,43708.05,51,683
2993,17121.6,51,685
2994,14069.15,51,690
2995,188913.65,51,700
2996,238820.9,51,710
2997,3700.25,51,720
2998,34228.85,51,730
2999,12896.55,51,735
3000,99455.75,51,740
3001,17156.45,51,750
3002,235130.9,51,760
3003,100294.2,51,770
3004,26162.1,51,775
3005,26551.6,51,790
3006,101001.45,51,800
3007,467008.45,51,810
3008,23378.2,51,820
3009,16307.75,51,830
3010,28634.4,51,840
3011,7980430.65,53,0
3012,21486.05,53,1
3013,23070.7,53,3
3014,218111.8,53,5
3015,81924.15,53,7
3016,79751.15,53,9
3017,529699.5,53,11
3018,4126.65,53,13
3019,114754.9,53,15
3020,45296.8,53,17
3021,7634.2,53,19
3022,101144.95,53,21
3023,2423.1,53,23
3024,103844.8,53,25
3025,78963.95,53,27
3026,88791.65,53,29
3027,34429.75,53,31
3028,2323459.75,53,33
3029,284615.85,53,35
3030,46319.75,53,37
3031,23853.8,53,39
3032,87504.25,53,41
3033,11892.05,53,43
3034,69870.15,53,45
3035,44206.2,53,47
3036,24716.85,53,49
3037,14534.5,53,51
3038,950564.5,53,53
3039,19128.55,53,55
3040,134459.5,53,57
3041,12771.5,53,59
3042,861082,53,61
3043,563432.25,53,63
3044,49435.75,53,65
3045,306226.95,53,67
3046,4805.2,53,69
3047,63437.25,53,71
3048,236444.95,53,73
3049,48810.5,53,75
3050,263427.05,53,77
3051,1819534.9,54,0
3052,15799.35,54,1
3053,132727.25,54,3
3054,21492.2,54,5
3055,12490.65,54,7
3056,22277.35,54,9
3057,95048.25,54,11
3058,6219.7,54,13
3059,8009.35,54,15
3060,7890.45,54,17
3061,40475.2,54,19
3062,7509.15,54,21
3063,11242.2,54,23
3064,33246.9,54,25
3065,24054.7,54,27
3066,28876.3,54,29
3067,14546.8,54,31
3068,66538.9,54,33
3069,28408.9,54,35
3070,60454.5,54,37
3071,179903.9,54,39
3072,17187.2,54,41
3073,20399.55,54,43
3074,32098.9,54,45
3075,18296.25,54,47
3076,57350.8,54,49
3077,30495.8,54,51
3078,25625,54,53
3079,60167.5,54,55
3080,27527.4,54,57
3081,23138.35,54,59
3082,109541.75,54,61
3083,12603.4,54,63
3084,17865.75,54,65
3085,24944.4,54,67
3086,42484.2,54,69
3087,6162.3,54,71
3088,7775.65,54,73
3089,8015.5,54,75
3090,35026.3,54,77
3091,58441.4,54,79
3092,74704.05,54,81
3093,28290,54,83
3094,8413.2,54,85
3095,14179.85,54,87
3096,12056.05,54,89
3097,16750.55,54,91
3098,6732.2,54,93
3099,8388.6,54,95
3100,24304.8,54,97
3101,38947.95,54,99
3102,8372.2,54,101
3103,14376.65,54,103
3104,5219.3,54,105
3105,85423.5,54,107
3106,21041.2,54,109
3107,6039853.5,55,0
3108,21756.65,55,1
3109,16441,55,3
3110,48015.1,55,5
3111,17023.2,55,7
3112,276786.9,55,9
3113,13726.8,55,11
3114,17461.9,55,13
3115,54035.95,55,15
3116,68478.2,55,17
3117,35559.3,55,19
3118,59648.85,55,21
3119,16408.2,55,23
3120,582409.1,55,25
3121,90489.05,55,27
3122,31289.15,55,29
3123,45247.6,55,31
3124,46793.3,55,33
3125,109508.95,55,35
3126,4805.2,55,37
3127,106431.9,55,39
3128,9616.55,55,41
3129,52557.9,55,43
3130,37736.4,55,45
3131,19700.5,55,47
3132,24462.65,55,49
3133,6379.6,55,51
3134,21356.9,55,53
3135,87928.6,55,55
3136,27537.65,55,57
3137,172013.45,55,59
3138,21139.6,55,61
3139,123301.35,55,63
3140,17299.95,55,65
3141,20049,55,67
3142,29085.4,55,69
3143,83201.3,55,71
3144,141406.95,55,73
3145,43037.7,55,75
3146,16174.5,55,77
3147,4302.95,55,78
3148,941628.55,55,79
3149,47262.75,55,81
3150,40624.85,55,83
3151,39167.3,55,85
3152,196931.2,55,87
3153,95335.25,55,89
3154,7595.25,55,91
3155,43595.3,55,93
3156,46852.75,55,95
3157,72485.95,55,97
3158,14534.5,55,99
3159,200742.15,55,101
3160,17517.25,55,103
3161,168161.5,55,105
3162,14540.65,55,107
3163,98418.45,55,109
3164,67422.45,55,111
3165,19024,55,113
3166,41908.15,55,115
3167,120788.05,55,117
3168,20475.4,55,119
3169,31672.5,55,121
3170,31836.5,55,123
3171,24358.1,55,125
3172,108014.5,55,127
3173,17334.8,55,129
3174,141130.2,55,131
3175,420694.85,55,133
3176,52775.2,55,135
3177,25625,55,137
3178,174985.95,55,139
3179,75843.85,55,141
3180,595916.55,56,0
3181,38982.8,56,1
3182,12152.4,56,3
3183,48234.45,56,5
3184,14905.55,56,7
3185,14130.65,56,9
3186,7634.2,56,11
3187,40458.8,56,13
3188,12876.05,56,15
3189,4702.7,56,17
3190,8948.25,56,19
3191,103242.1,56,21
3192,21176.5,56,23
3193,81592.05,56,25
3194,2439.5,56,27
3195,31280.95,56,29
3196,8862.15,56,31
3197,32898.4,56,33
3198,8983.1,56,35
3199,42379.65,56,37
3200,23870.2,56,39
3201,21229.8,56,41
3202,7913,56,43
3203,7031.5,56,45
3204,3302334.75,72,0
3205,18353.65,72,1
3206,38607.65,72,3
3207,55280.3,72,5
3208,24126.45,72,7
3209,25169.9,72,9
3210,25651.65,72,11
3211,88242.25,72,13
3212,15672.25,72,15
3213,22976.4,72,17
3214,29667.6,72,19
3215,186117.45,72,21
3216,47885.95,72,23
3217,128264.4,72,25
3218,33435.5,72,27
3219,42678.95,72,29
3220,155361.3,72,31
3221,22923.1,72,33
3222,41801.55,72,35
3223,11205.3,72,37
3224,17160.55,72,39
3225,40503.9,72,41
3226,34735.2,72,43
3227,19085.5,72,45
3228,35180.05,72,47
3229,1814.25,72,49
3230,36555.6,72,51
3231,32160.4,72,53
3232,11826.45,72,54
3233,13120,72,55
3234,36143.55,72,57
3235,17490.6,72,59
3236,91284.45,72,61
3237,41063.55,72,63
3238,38972.55,72,65
3239,15799.35,72,67
3240,51172.1,72,69
3241,43822.85,72,71
3242,14858.4,72,73
3243,47072.1,72,75
3244,37588.8,72,77
3245,23509.4,72,79
3246,28468.35,72,81
3247,8923.65,72,83
3248,35684.35,72,85
3249,23224.45,72,87
3250,17886.25,72,89
3251,39720.8,72,91
3252,4690.4,72,93
3253,10627.2,72,95
3254,72375.25,72,97
3255,38212,72,99
3256,28984.95,72,101
3257,23538.1,72,103
3258,29938.2,72,105
3259,21760.75,72,107
3260,15912.1,72,109
3261,20258.1,72,111
3262,135441.45,72,113
3263,23915.3,72,115
3264,15698.9,72,117
3265,46986,72,119
3266,22910.8,72,121
3267,25625,72,123
3268,31953.35,72,125
3269,343145.4,72,127
3270,38191.5,72,129
3271,39944.25,72,131
3272,20317.55,72,133
3273,67693.05,72,135
3274,74603.6,72,137
3275,68480.25,72,139
3276,28224.4,72,141
3277,35655.65,72,143
3278,55026.1,72,145
3279,8245.1,72,147
3280,22002.65,72,149
3281,30038.65,72,151
3282,33726.6,72,153
